Algorithm,Seed,NodeID,DeathRound
HEED,0,0,808
HEED,0,1,750
HEED,0,2,807
HEED,0,3,791
HEED,0,4,797
HEED,0,5,488
HEED,0,6,775
HEED,0,7,750
HEED,0,8,762
HEED,0,9,753
HEED,0,10,774
HEED,0,11,583
HEED,0,12,805
HEED,0,13,779
HEED,0,14,634
HEED,0,15,691
HEED,0,16,787
HEED,0,17,812
HEED,0,18,641
HEED,0,19,754
HEED,0,20,608
HEED,0,21,647
HEED,0,22,615
HEED,0,23,792
HEED,0,24,692
HEED,0,25,670
HEED,0,26,684
HEED,0,27,610
HEED,0,28,734
HEED,0,29,737
HEED,0,30,803
HEED,0,31,665
HEED,0,32,604
HEED,0,33,777
HEED,0,34,786
HEED,0,35,794
HEED,0,36,774
HEED,0,37,762
HEED,0,38,753
HEED,0,39,784
HEED,0,40,759
HEED,0,41,766
HEED,0,42,688
HEED,0,43,749
HEED,0,44,699
HEED,0,45,772
HEED,0,46,745
HEED,0,47,771
HEED,0,48,764
HEED,0,49,753
HEED,0,50,776
HEED,0,51,661
HEED,0,52,775
HEED,0,53,801
HEED,0,54,774
HEED,0,55,570
HEED,0,56,644
HEED,0,57,599
HEED,0,58,672
HEED,0,59,769
HEED,0,60,780
HEED,0,61,783
HEED,0,62,798
HEED,0,63,750
HEED,0,64,788
HEED,0,65,691
HEED,0,66,710
HEED,0,67,734
HEED,0,68,458
HEED,0,69,720
HEED,0,70,619
HEED,0,71,576
HEED,0,72,739
HEED,0,73,774
HEED,0,74,786
HEED,0,75,778
HEED,0,76,741
HEED,0,77,760
HEED,0,78,738
HEED,0,79,724
HEED,0,80,614
HEED,0,81,729
HEED,0,82,659
HEED,0,83,757
HEED,0,84,786
HEED,0,85,778
HEED,0,86,671
HEED,0,87,487
HEED,0,88,780
HEED,0,89,630
HEED,0,90,770
HEED,0,91,590
HEED,0,92,772
HEED,0,93,702
HEED,0,94,569
HEED,0,95,792
HEED,0,96,794
HEED,0,97,760
HEED,0,98,679
HEED,0,99,803
HEED,1,0,779
HEED,1,1,687
HEED,1,2,687
HEED,1,3,716
HEED,1,4,794
HEED,1,5,755
HEED,1,6,647
HEED,1,7,654
HEED,1,8,821
HEED,1,9,629
HEED,1,10,716
HEED,1,11,803
HEED,1,12,780
HEED,1,13,794
HEED,1,14,805
HEED,1,15,783
HEED,1,16,617
HEED,1,17,662
HEED,1,18,539
HEED,1,19,783
HEED,1,20,724
HEED,1,21,605
HEED,1,22,777
HEED,1,23,813
HEED,1,24,778
HEED,1,25,766
HEED,1,26,790
HEED,1,27,738
HEED,1,28,785
HEED,1,29,690
HEED,1,30,756
HEED,1,31,745
HEED,1,32,751
HEED,1,33,706
HEED,1,34,692
HEED,1,35,478
HEED,1,36,786
HEED,1,37,799
HEED,1,38,774
HEED,1,39,749
HEED,1,40,475
HEED,1,41,780
HEED,1,42,809
HEED,1,43,820
HEED,1,44,526
HEED,1,45,775
HEED,1,46,784
HEED,1,47,536
HEED,1,48,595
HEED,1,49,795
HEED,1,50,780
HEED,1,51,707
HEED,1,52,794
HEED,1,53,650
HEED,1,54,784
HEED,1,55,506
HEED,1,56,797
HEED,1,57,680
HEED,1,58,848
HEED,1,59,621
HEED,1,60,604
HEED,1,61,644
HEED,1,62,775
HEED,1,63,670
HEED,1,64,783
HEED,1,65,429
HEED,1,66,790
HEED,1,67,805
HEED,1,68,754
HEED,1,69,777
HEED,1,70,820
HEED,1,71,641
HEED,1,72,748
HEED,1,73,620
HEED,1,74,801
HEED,1,75,730
HEED,1,76,787
HEED,1,77,771
HEED,1,78,761
HEED,1,79,766
HEED,1,80,787
HEED,1,81,750
HEED,1,82,682
HEED,1,83,420
HEED,1,84,805
HEED,1,85,791
HEED,1,86,792
HEED,1,87,785
HEED,1,88,720
HEED,1,89,727
HEED,1,90,717
HEED,1,91,777
HEED,1,92,686
HEED,1,93,803
HEED,1,94,677
HEED,1,95,752
HEED,1,96,785
HEED,1,97,779
HEED,1,98,624
HEED,1,99,785
HEED,2,0,619
HEED,2,1,789
HEED,2,2,734
HEED,2,3,771
HEED,2,4,723
HEED,2,5,793
HEED,2,6,575
HEED,2,7,703
HEED,2,8,791
HEED,2,9,630
HEED,2,10,728
HEED,2,11,774
HEED,2,12,741
HEED,2,13,817
HEED,2,14,647
HEED,2,15,753
HEED,2,16,769
HEED,2,17,713
HEED,2,18,562
HEED,2,19,784
HEED,2,20,784
HEED,2,21,733
HEED,2,22,619
HEED,2,23,798
HEED,2,24,761
HEED,2,25,735
HEED,2,26,694
HEED,2,27,736
HEED,2,28,768
HEED,2,29,767
HEED,2,30,634
HEED,2,31,716
HEED,2,32,801
HEED,2,33,775
HEED,2,34,813
HEED,2,35,732
HEED,2,36,770
HEED,2,37,718
HEED,2,38,797
HEED,2,39,764
HEED,2,40,776
HEED,2,41,611
HEED,2,42,738
HEED,2,43,633
HEED,2,44,715
HEED,2,45,779
HEED,2,46,664
HEED,2,47,785
HEED,2,48,780
HEED,2,49,595
HEED,2,50,510
HEED,2,51,583
HEED,2,52,737
HEED,2,53,777
HEED,2,54,733
HEED,2,55,719
HEED,2,56,773
HEED,2,57,600
HEED,2,58,820
HEED,2,59,760
HEED,2,60,803
HEED,2,61,734
HEED,2,62,798
HEED,2,63,772
HEED,2,64,730
HEED,2,65,795
HEED,2,66,771
HEED,2,67,728
HEED,2,68,735
HEED,2,69,787
HEED,2,70,751
HEED,2,71,706
HEED,2,72,725
HEED,2,73,757
HEED,2,74,797
HEED,2,75,745
HEED,2,76,750
HEED,2,77,717
HEED,2,78,762
HEED,2,79,774
HEED,2,80,709
HEED,2,81,741
HEED,2,82,514
HEED,2,83,668
HEED,2,84,665
HEED,2,85,684
HEED,2,86,787
HEED,2,87,768
HEED,2,88,756
HEED,2,89,729
HEED,2,90,732
HEED,2,91,782
HEED,2,92,794
HEED,2,93,783
HEED,2,94,760
HEED,2,95,629
HEED,2,96,686
HEED,2,97,797
HEED,2,98,760
HEED,2,99,633
HEED,3,0,753
HEED,3,1,826
HEED,3,2,693
HEED,3,3,603
HEED,3,4,708
HEED,3,5,557
HEED,3,6,780
HEED,3,7,722
HEED,3,8,796
HEED,3,9,715
HEED,3,10,796
HEED,3,11,748
HEED,3,12,769
HEED,3,13,736
HEED,3,14,670
HEED,3,15,758
HEED,3,16,764
HEED,3,17,759
HEED,3,18,770
HEED,3,19,792
HEED,3,20,798
HEED,3,21,712
HEED,3,22,660
HEED,3,23,752
HEED,3,24,741
HEED,3,25,502
HEED,3,26,570
HEED,3,27,675
HEED,3,28,757
HEED,3,29,788
HEED,3,30,710
HEED,3,31,762
HEED,3,32,749
HEED,3,33,697
HEED,3,34,818
HEED,3,35,653
HEED,3,36,750
HEED,3,37,687
HEED,3,38,685
HEED,3,39,700
HEED,3,40,802
HEED,3,41,781
HEED,3,42,746
HEED,3,43,506
HEED,3,44,785
HEED,3,45,803
HEED,3,46,644
HEED,3,47,809
HEED,3,48,769
HEED,3,49,807
HEED,3,50,793
HEED,3,51,722
HEED,3,52,689
HEED,3,53,796
HEED,3,54,792
HEED,3,55,758
HEED,3,56,768
HEED,3,57,706
HEED,3,58,657
HEED,3,59,782
HEED,3,60,755
HEED,3,61,750
HEED,3,62,502
HEED,3,63,794
HEED,3,64,725
HEED,3,65,751
HEED,3,66,738
HEED,3,67,750
HEED,3,68,784
HEED,3,69,784
HEED,3,70,679
HEED,3,71,687
HEED,3,72,776
HEED,3,73,715
HEED,3,74,819
HEED,3,75,748
HEED,3,76,720
HEED,3,77,666
HEED,3,78,770
HEED,3,79,711
HEED,3,80,774
HEED,3,81,498
HEED,3,82,535
HEED,3,83,684
HEED,3,84,797
HEED,3,85,672
HEED,3,86,740
HEED,3,87,787
HEED,3,88,634
HEED,3,89,780
HEED,3,90,794
HEED,3,91,790
HEED,3,92,739
HEED,3,93,744
HEED,3,94,814
HEED,3,95,769
HEED,3,96,801
HEED,3,97,685
HEED,3,98,546
HEED,3,99,798
HEED,4,0,703
HEED,4,1,800
HEED,4,2,362
HEED,4,3,832
HEED,4,4,770
HEED,4,5,489
HEED,4,6,784
HEED,4,7,763
HEED,4,8,578
HEED,4,9,745
HEED,4,10,792
HEED,4,11,632
HEED,4,12,798
HEED,4,13,760
HEED,4,14,715
HEED,4,15,785
HEED,4,16,783
HEED,4,17,780
HEED,4,18,676
HEED,4,19,781
HEED,4,20,716
HEED,4,21,787
HEED,4,22,678
HEED,4,23,775
HEED,4,24,793
HEED,4,25,674
HEED,4,26,809
HEED,4,27,776
HEED,4,28,784
HEED,4,29,778
HEED,4,30,677
HEED,4,31,704
HEED,4,32,752
HEED,4,33,694
HEED,4,34,770
HEED,4,35,701
HEED,4,36,747
HEED,4,37,742
HEED,4,38,797
HEED,4,39,619
HEED,4,40,766
HEED,4,41,787
HEED,4,42,626
HEED,4,43,749
HEED,4,44,704
HEED,4,45,537
HEED,4,46,720
HEED,4,47,744
HEED,4,48,800
HEED,4,49,790
HEED,4,50,588
HEED,4,51,598
HEED,4,52,781
HEED,4,53,787
HEED,4,54,710
HEED,4,55,767
HEED,4,56,529
HEED,4,57,732
HEED,4,58,597
HEED,4,59,737
HEED,4,60,657
HEED,4,61,806
HEED,4,62,767
HEED,4,63,797
HEED,4,64,633
HEED,4,65,743
HEED,4,66,668
HEED,4,67,776
HEED,4,68,702
HEED,4,69,714
HEED,4,70,744
HEED,4,71,761
HEED,4,72,769
HEED,4,73,746
HEED,4,74,772
HEED,4,75,737
HEED,4,76,765
HEED,4,77,679
HEED,4,78,661
HEED,4,79,534
HEED,4,80,789
HEED,4,81,565
HEED,4,82,548
HEED,4,83,764
HEED,4,84,728
HEED,4,85,754
HEED,4,86,794
HEED,4,87,703
HEED,4,88,792
HEED,4,89,709
HEED,4,90,650
HEED,4,91,737
HEED,4,92,791
HEED,4,93,751
HEED,4,94,752
HEED,4,95,802
HEED,4,96,794
HEED,4,97,799
HEED,4,98,800
HEED,4,99,750
HEED,5,0,725
HEED,5,1,744
HEED,5,2,783
HEED,5,3,629
HEED,5,4,649
HEED,5,5,734
HEED,5,6,774
HEED,5,7,715
HEED,5,8,643
HEED,5,9,679
HEED,5,10,649
HEED,5,11,577
HEED,5,12,692
HEED,5,13,654
HEED,5,14,789
HEED,5,15,742
HEED,5,16,800
HEED,5,17,631
HEED,5,18,673
HEED,5,19,800
HEED,5,20,810
HEED,5,21,814
HEED,5,22,603
HEED,5,23,590
HEED,5,24,694
HEED,5,25,789
HEED,5,26,795
HEED,5,27,765
HEED,5,28,706
HEED,5,29,735
HEED,5,30,600
HEED,5,31,759
HEED,5,32,571
HEED,5,33,832
HEED,5,34,631
HEED,5,35,748
HEED,5,36,771
HEED,5,37,719
HEED,5,38,779
HEED,5,39,798
HEED,5,40,782
HEED,5,41,700
HEED,5,42,644
HEED,5,43,616
HEED,5,44,722
HEED,5,45,663
HEED,5,46,693
HEED,5,47,795
HEED,5,48,725
HEED,5,49,790
HEED,5,50,588
HEED,5,51,771
HEED,5,52,749
HEED,5,53,750
HEED,5,54,788
HEED,5,55,783
HEED,5,56,788
HEED,5,57,659
HEED,5,58,723
HEED,5,59,767
HEED,5,60,688
HEED,5,61,791
HEED,5,62,714
HEED,5,63,825
HEED,5,64,788
HEED,5,65,766
HEED,5,66,678
HEED,5,67,620
HEED,5,68,682
HEED,5,69,774
HEED,5,70,776
HEED,5,71,783
HEED,5,72,761
HEED,5,73,662
HEED,5,74,794
HEED,5,75,718
HEED,5,76,758
HEED,5,77,637
HEED,5,78,787
HEED,5,79,724
HEED,5,80,799
HEED,5,81,566
HEED,5,82,663
HEED,5,83,747
HEED,5,84,728
HEED,5,85,764
HEED,5,86,741
HEED,5,87,651
HEED,5,88,690
HEED,5,89,780
HEED,5,90,796
HEED,5,91,724
HEED,5,92,653
HEED,5,93,769
HEED,5,94,731
HEED,5,95,778
HEED,5,96,551
HEED,5,97,488
HEED,5,98,769
HEED,5,99,827
HEED,6,0,691
HEED,6,1,597
HEED,6,2,742
HEED,6,3,741
HEED,6,4,780
HEED,6,5,788
HEED,6,6,739
HEED,6,7,762
HEED,6,8,804
HEED,6,9,665
HEED,6,10,773
HEED,6,11,776
HEED,6,12,643
HEED,6,13,802
HEED,6,14,759
HEED,6,15,795
HEED,6,16,817
HEED,6,17,634
HEED,6,18,790
HEED,6,19,807
HEED,6,20,792
HEED,6,21,772
HEED,6,22,804
HEED,6,23,627
HEED,6,24,602
HEED,6,25,619
HEED,6,26,780
HEED,6,27,792
HEED,6,28,690
HEED,6,29,784
HEED,6,30,775
HEED,6,31,594
HEED,6,32,760
HEED,6,33,792
HEED,6,34,759
HEED,6,35,630
HEED,6,36,525
HEED,6,37,805
HEED,6,38,756
HEED,6,39,513
HEED,6,40,637
HEED,6,41,745
HEED,6,42,755
HEED,6,43,652
HEED,6,44,618
HEED,6,45,680
HEED,6,46,754
HEED,6,47,834
HEED,6,48,751
HEED,6,49,762
HEED,6,50,714
HEED,6,51,710
HEED,6,52,783
HEED,6,53,731
HEED,6,54,607
HEED,6,55,618
HEED,6,56,784
HEED,6,57,769
HEED,6,58,775
HEED,6,59,797
HEED,6,60,773
HEED,6,61,705
HEED,6,62,556
HEED,6,63,644
HEED,6,64,626
HEED,6,65,458
HEED,6,66,782
HEED,6,67,752
HEED,6,68,758
HEED,6,69,768
HEED,6,70,742
HEED,6,71,585
HEED,6,72,718
HEED,6,73,677
HEED,6,74,693
HEED,6,75,715
HEED,6,76,774
HEED,6,77,825
HEED,6,78,690
HEED,6,79,818
HEED,6,80,740
HEED,6,81,803
HEED,6,82,780
HEED,6,83,488
HEED,6,84,770
HEED,6,85,767
HEED,6,86,791
HEED,6,87,794
HEED,6,88,793
HEED,6,89,688
HEED,6,90,741
HEED,6,91,816
HEED,6,92,816
HEED,6,93,802
HEED,6,94,742
HEED,6,95,589
HEED,6,96,805
HEED,6,97,723
HEED,6,98,572
HEED,6,99,753
HEED,7,0,737
HEED,7,1,746
HEED,7,2,637
HEED,7,3,791
HEED,7,4,673
HEED,7,5,652
HEED,7,6,533
HEED,7,7,581
HEED,7,8,643
HEED,7,9,798
HEED,7,10,761
HEED,7,11,733
HEED,7,12,757
HEED,7,13,761
HEED,7,14,760
HEED,7,15,742
HEED,7,16,774
HEED,7,17,788
HEED,7,18,586
HEED,7,19,760
HEED,7,20,790
HEED,7,21,781
HEED,7,22,775
HEED,7,23,798
HEED,7,24,754
HEED,7,25,646
HEED,7,26,703
HEED,7,27,757
HEED,7,28,750
HEED,7,29,772
HEED,7,30,797
HEED,7,31,709
HEED,7,32,794
HEED,7,33,640
HEED,7,34,703
HEED,7,35,786
HEED,7,36,697
HEED,7,37,722
HEED,7,38,775
HEED,7,39,773
HEED,7,40,728
HEED,7,41,792
HEED,7,42,783
HEED,7,43,709
HEED,7,44,694
HEED,7,45,791
HEED,7,46,814
HEED,7,47,581
HEED,7,48,525
HEED,7,49,648
HEED,7,50,733
HEED,7,51,679
HEED,7,52,799
HEED,7,53,573
HEED,7,54,687
HEED,7,55,768
HEED,7,56,612
HEED,7,57,675
HEED,7,58,676
HEED,7,59,706
HEED,7,60,764
HEED,7,61,668
HEED,7,62,684
HEED,7,63,647
HEED,7,64,733
HEED,7,65,789
HEED,7,66,771
HEED,7,67,758
HEED,7,68,736
HEED,7,69,808
HEED,7,70,763
HEED,7,71,623
HEED,7,72,800
HEED,7,73,725
HEED,7,74,686
HEED,7,75,770
HEED,7,76,794
HEED,7,77,778
HEED,7,78,777
HEED,7,79,793
HEED,7,80,713
HEED,7,81,643
HEED,7,82,771
HEED,7,83,812
HEED,7,84,731
HEED,7,85,783
HEED,7,86,745
HEED,7,87,579
HEED,7,88,718
HEED,7,89,791
HEED,7,90,638
HEED,7,91,681
HEED,7,92,763
HEED,7,93,632
HEED,7,94,610
HEED,7,95,775
HEED,7,96,577
HEED,7,97,594
HEED,7,98,542
HEED,7,99,658
HEED,8,0,780
HEED,8,1,700
HEED,8,2,774
HEED,8,3,729
HEED,8,4,771
HEED,8,5,750
HEED,8,6,684
HEED,8,7,551
HEED,8,8,583
HEED,8,9,666
HEED,8,10,709
HEED,8,11,820
HEED,8,12,695
HEED,8,13,585
HEED,8,14,579
HEED,8,15,812
HEED,8,16,729
HEED,8,17,697
HEED,8,18,643
HEED,8,19,773
HEED,8,20,802
HEED,8,21,560
HEED,8,22,774
HEED,8,23,789
HEED,8,24,754
HEED,8,25,762
HEED,8,26,737
HEED,8,27,750
HEED,8,28,800
HEED,8,29,789
HEED,8,30,782
HEED,8,31,808
HEED,8,32,782
HEED,8,33,796
HEED,8,34,570
HEED,8,35,638
HEED,8,36,789
HEED,8,37,767
HEED,8,38,742
HEED,8,39,796
HEED,8,40,790
HEED,8,41,755
HEED,8,42,685
HEED,8,43,513
HEED,8,44,763
HEED,8,45,590
HEED,8,46,789
HEED,8,47,797
HEED,8,48,803
HEED,8,49,682
HEED,8,50,746
HEED,8,51,819
HEED,8,52,779
HEED,8,53,730
HEED,8,54,709
HEED,8,55,729
HEED,8,56,759
HEED,8,57,797
HEED,8,58,774
HEED,8,59,733
HEED,8,60,808
HEED,8,61,623
HEED,8,62,688
HEED,8,63,727
HEED,8,64,711
HEED,8,65,665
HEED,8,66,622
HEED,8,67,707
HEED,8,68,615
HEED,8,69,669
HEED,8,70,734
HEED,8,71,803
HEED,8,72,810
HEED,8,73,822
HEED,8,74,794
HEED,8,75,796
HEED,8,76,806
HEED,8,77,773
HEED,8,78,742
HEED,8,79,792
HEED,8,80,779
HEED,8,81,733
HEED,8,82,568
HEED,8,83,795
HEED,8,84,763
HEED,8,85,774
HEED,8,86,719
HEED,8,87,628
HEED,8,88,807
HEED,8,89,698
HEED,8,90,770
HEED,8,91,693
HEED,8,92,789
HEED,8,93,722
HEED,8,94,754
HEED,8,95,720
HEED,8,96,775
HEED,8,97,724
HEED,8,98,592
HEED,8,99,737
HEED,9,0,666
HEED,9,1,691
HEED,9,2,720
HEED,9,3,678
HEED,9,4,511
HEED,9,5,789
HEED,9,6,797
HEED,9,7,804
HEED,9,8,761
HEED,9,9,794
HEED,9,10,796
HEED,9,11,660
HEED,9,12,763
HEED,9,13,807
HEED,9,14,761
HEED,9,15,768
HEED,9,16,525
HEED,9,17,759
HEED,9,18,622
HEED,9,19,651
HEED,9,20,793
HEED,9,21,788
HEED,9,22,742
HEED,9,23,780
HEED,9,24,709
HEED,9,25,780
HEED,9,26,752
HEED,9,27,722
HEED,9,28,728
HEED,9,29,699
HEED,9,30,706
HEED,9,31,813
HEED,9,32,645
HEED,9,33,673
HEED,9,34,742
HEED,9,35,740
HEED,9,36,778
HEED,9,37,798
HEED,9,38,797
HEED,9,39,775
HEED,9,40,722
HEED,9,41,617
HEED,9,42,780
HEED,9,43,604
HEED,9,44,786
HEED,9,45,759
HEED,9,46,777
HEED,9,47,676
HEED,9,48,748
HEED,9,49,520
HEED,9,50,775
HEED,9,51,801
HEED,9,52,771
HEED,9,53,812
HEED,9,54,514
HEED,9,55,788
HEED,9,56,632
HEED,9,57,769
HEED,9,58,762
HEED,9,59,722
HEED,9,60,630
HEED,9,61,777
HEED,9,62,659
HEED,9,63,789
HEED,9,64,767
HEED,9,65,788
HEED,9,66,644
HEED,9,67,653
HEED,9,68,801
HEED,9,69,654
HEED,9,70,565
HEED,9,71,655
HEED,9,72,742
HEED,9,73,720
HEED,9,74,702
HEED,9,75,700
HEED,9,76,779
HEED,9,77,785
HEED,9,78,777
HEED,9,79,601
HEED,9,80,396
HEED,9,81,782
HEED,9,82,552
HEED,9,83,791
HEED,9,84,757
HEED,9,85,790
HEED,9,86,780
HEED,9,87,704
HEED,9,88,734
HEED,9,89,724
HEED,9,90,759
HEED,9,91,631
HEED,9,92,765
HEED,9,93,765
HEED,9,94,637
HEED,9,95,744
HEED,9,96,772
HEED,9,97,752
HEED,9,98,730
HEED,9,99,794
HEED,10,0,485
HEED,10,1,760
HEED,10,2,774
HEED,10,3,733
HEED,10,4,766
HEED,10,5,823
HEED,10,6,757
HEED,10,7,735
HEED,10,8,774
HEED,10,9,823
HEED,10,10,759
HEED,10,11,661
HEED,10,12,794
HEED,10,13,757
HEED,10,14,781
HEED,10,15,741
HEED,10,16,710
HEED,10,17,758
HEED,10,18,768
HEED,10,19,799
HEED,10,20,754
HEED,10,21,622
HEED,10,22,667
HEED,10,23,474
HEED,10,24,784
HEED,10,25,766
HEED,10,26,686
HEED,10,27,785
HEED,10,28,627
HEED,10,29,783
HEED,10,30,748
HEED,10,31,629
HEED,10,32,717
HEED,10,33,767
HEED,10,34,762
HEED,10,35,760
HEED,10,36,771
HEED,10,37,793
HEED,10,38,700
HEED,10,39,794
HEED,10,40,735
HEED,10,41,761
HEED,10,42,704
HEED,10,43,658
HEED,10,44,727
HEED,10,45,755
HEED,10,46,706
HEED,10,47,760
HEED,10,48,796
HEED,10,49,772
HEED,10,50,660
HEED,10,51,512
HEED,10,52,786
HEED,10,53,691
HEED,10,54,727
HEED,10,55,747
HEED,10,56,774
HEED,10,57,766
HEED,10,58,627
HEED,10,59,741
HEED,10,60,809
HEED,10,61,781
HEED,10,62,803
HEED,10,63,662
HEED,10,64,681
HEED,10,65,812
HEED,10,66,670
HEED,10,67,735
HEED,10,68,682
HEED,10,69,723
HEED,10,70,798
HEED,10,71,811
HEED,10,72,444
HEED,10,73,659
HEED,10,74,689
HEED,10,75,569
HEED,10,76,796
HEED,10,77,799
HEED,10,78,663
HEED,10,79,798
HEED,10,80,733
HEED,10,81,678
HEED,10,82,621
HEED,10,83,765
HEED,10,84,750
HEED,10,85,696
HEED,10,86,756
HEED,10,87,736
HEED,10,88,724
HEED,10,89,778
HEED,10,90,789
HEED,10,91,631
HEED,10,92,738
HEED,10,93,779
HEED,10,94,740
HEED,10,95,814
HEED,10,96,617
HEED,10,97,728
HEED,10,98,767
HEED,10,99,670
HEED,11,0,497
HEED,11,1,735
HEED,11,2,631
HEED,11,3,791
HEED,11,4,780
HEED,11,5,565
HEED,11,6,662
HEED,11,7,687
HEED,11,8,564
HEED,11,9,609
HEED,11,10,775
HEED,11,11,794
HEED,11,12,711
HEED,11,13,637
HEED,11,14,706
HEED,11,15,787
HEED,11,16,787
HEED,11,17,666
HEED,11,18,610
HEED,11,19,699
HEED,11,20,799
HEED,11,21,751
HEED,11,22,804
HEED,11,23,705
HEED,11,24,673
HEED,11,25,748
HEED,11,26,774
HEED,11,27,782
HEED,11,28,675
HEED,11,29,757
HEED,11,30,810
HEED,11,31,725
HEED,11,32,788
HEED,11,33,705
HEED,11,34,716
HEED,11,35,664
HEED,11,36,806
HEED,11,37,754
HEED,11,38,800
HEED,11,39,735
HEED,11,40,778
HEED,11,41,758
HEED,11,42,757
HEED,11,43,786
HEED,11,44,736
HEED,11,45,804
HEED,11,46,846
HEED,11,47,775
HEED,11,48,761
HEED,11,49,629
HEED,11,50,696
HEED,11,51,697
HEED,11,52,595
HEED,11,53,627
HEED,11,54,621
HEED,11,55,772
HEED,11,56,778
HEED,11,57,778
HEED,11,58,808
HEED,11,59,567
HEED,11,60,785
HEED,11,61,758
HEED,11,62,786
HEED,11,63,663
HEED,11,64,725
HEED,11,65,701
HEED,11,66,696
HEED,11,67,776
HEED,11,68,781
HEED,11,69,781
HEED,11,70,658
HEED,11,71,774
HEED,11,72,650
HEED,11,73,776
HEED,11,74,747
HEED,11,75,735
HEED,11,76,634
HEED,11,77,725
HEED,11,78,722
HEED,11,79,784
HEED,11,80,717
HEED,11,81,765
HEED,11,82,779
HEED,11,83,693
HEED,11,84,772
HEED,11,85,781
HEED,11,86,771
HEED,11,87,685
HEED,11,88,611
HEED,11,89,802
HEED,11,90,752
HEED,11,91,706
HEED,11,92,595
HEED,11,93,830
HEED,11,94,691
HEED,11,95,765
HEED,11,96,525
HEED,11,97,690
HEED,11,98,749
HEED,11,99,784
HEED,12,0,776
HEED,12,1,565
HEED,12,2,525
HEED,12,3,684
HEED,12,4,780
HEED,12,5,763
HEED,12,6,610
HEED,12,7,510
HEED,12,8,792
HEED,12,9,652
HEED,12,10,778
HEED,12,11,750
HEED,12,12,772
HEED,12,13,772
HEED,12,14,774
HEED,12,15,763
HEED,12,16,619
HEED,12,17,784
HEED,12,18,631
HEED,12,19,782
HEED,12,20,749
HEED,12,21,800
HEED,12,22,784
HEED,12,23,787
HEED,12,24,809
HEED,12,25,614
HEED,12,26,745
HEED,12,27,790
HEED,12,28,800
HEED,12,29,701
HEED,12,30,665
HEED,12,31,797
HEED,12,32,790
HEED,12,33,756
HEED,12,34,795
HEED,12,35,715
HEED,12,36,679
HEED,12,37,775
HEED,12,38,805
HEED,12,39,796
HEED,12,40,790
HEED,12,41,601
HEED,12,42,779
HEED,12,43,781
HEED,12,44,750
HEED,12,45,403
HEED,12,46,652
HEED,12,47,779
HEED,12,48,727
HEED,12,49,751
HEED,12,50,813
HEED,12,51,783
HEED,12,52,794
HEED,12,53,801
HEED,12,54,709
HEED,12,55,767
HEED,12,56,778
HEED,12,57,701
HEED,12,58,723
HEED,12,59,707
HEED,12,60,769
HEED,12,61,576
HEED,12,62,777
HEED,12,63,802
HEED,12,64,783
HEED,12,65,760
HEED,12,66,759
HEED,12,67,589
HEED,12,68,798
HEED,12,69,784
HEED,12,70,660
HEED,12,71,762
HEED,12,72,717
HEED,12,73,722
HEED,12,74,714
HEED,12,75,782
HEED,12,76,635
HEED,12,77,797
HEED,12,78,666
HEED,12,79,630
HEED,12,80,753
HEED,12,81,735
HEED,12,82,803
HEED,12,83,782
HEED,12,84,660
HEED,12,85,771
HEED,12,86,645
HEED,12,87,709
HEED,12,88,557
HEED,12,89,665
HEED,12,90,770
HEED,12,91,735
HEED,12,92,777
HEED,12,93,774
HEED,12,94,791
HEED,12,95,789
HEED,12,96,571
HEED,12,97,717
HEED,12,98,763
HEED,12,99,662
HEED,13,0,691
HEED,13,1,763
HEED,13,2,755
HEED,13,3,650
HEED,13,4,775
HEED,13,5,730
HEED,13,6,695
HEED,13,7,727
HEED,13,8,601
HEED,13,9,604
HEED,13,10,646
HEED,13,11,784
HEED,13,12,651
HEED,13,13,717
HEED,13,14,669
HEED,13,15,730
HEED,13,16,624
HEED,13,17,687
HEED,13,18,668
HEED,13,19,693
HEED,13,20,650
HEED,13,21,685
HEED,13,22,789
HEED,13,23,748
HEED,13,24,687
HEED,13,25,623
HEED,13,26,804
HEED,13,27,651
HEED,13,28,680
HEED,13,29,823
HEED,13,30,763
HEED,13,31,804
HEED,13,32,661
HEED,13,33,778
HEED,13,34,697
HEED,13,35,768
HEED,13,36,634
HEED,13,37,657
HEED,13,38,681
HEED,13,39,777
HEED,13,40,786
HEED,13,41,644
HEED,13,42,610
HEED,13,43,770
HEED,13,44,645
HEED,13,45,783
HEED,13,46,773
HEED,13,47,768
HEED,13,48,680
HEED,13,49,718
HEED,13,50,643
HEED,13,51,769
HEED,13,52,755
HEED,13,53,768
HEED,13,54,788
HEED,13,55,774
HEED,13,56,776
HEED,13,57,512
HEED,13,58,796
HEED,13,59,709
HEED,13,60,780
HEED,13,61,664
HEED,13,62,799
HEED,13,63,735
HEED,13,64,789
HEED,13,65,779
HEED,13,66,686
HEED,13,67,708
HEED,13,68,786
HEED,13,69,792
HEED,13,70,737
HEED,13,71,615
HEED,13,72,788
HEED,13,73,768
HEED,13,74,761
HEED,13,75,702
HEED,13,76,769
HEED,13,77,608
HEED,13,78,683
HEED,13,79,691
HEED,13,80,748
HEED,13,81,673
HEED,13,82,759
HEED,13,83,685
HEED,13,84,705
HEED,13,85,559
HEED,13,86,566
HEED,13,87,625
HEED,13,88,784
HEED,13,89,751
HEED,13,90,688
HEED,13,91,798
HEED,13,92,782
HEED,13,93,744
HEED,13,94,759
HEED,13,95,607
HEED,13,96,736
HEED,13,97,666
HEED,13,98,776
HEED,13,99,782
HEED,14,0,802
HEED,14,1,638
HEED,14,2,720
HEED,14,3,732
HEED,14,4,580
HEED,14,5,774
HEED,14,6,769
HEED,14,7,719
HEED,14,8,664
HEED,14,9,670
HEED,14,10,611
HEED,14,11,788
HEED,14,12,805
HEED,14,13,707
HEED,14,14,585
HEED,14,15,607
HEED,14,16,782
HEED,14,17,663
HEED,14,18,621
HEED,14,19,797
HEED,14,20,802
HEED,14,21,602
HEED,14,22,765
HEED,14,23,671
HEED,14,24,733
HEED,14,25,749
HEED,14,26,785
HEED,14,27,740
HEED,14,28,767
HEED,14,29,782
HEED,14,30,787
HEED,14,31,770
HEED,14,32,597
HEED,14,33,648
HEED,14,34,778
HEED,14,35,707
HEED,14,36,760
HEED,14,37,659
HEED,14,38,765
HEED,14,39,781
HEED,14,40,680
HEED,14,41,725
HEED,14,42,818
HEED,14,43,749
HEED,14,44,658
HEED,14,45,729
HEED,14,46,766
HEED,14,47,625
HEED,14,48,740
HEED,14,49,719
HEED,14,50,673
HEED,14,51,798
HEED,14,52,778
HEED,14,53,792
HEED,14,54,767
HEED,14,55,811
HEED,14,56,595
HEED,14,57,802
HEED,14,58,801
HEED,14,59,753
HEED,14,60,769
HEED,14,61,781
HEED,14,62,702
HEED,14,63,761
HEED,14,64,734
HEED,14,65,762
HEED,14,66,617
HEED,14,67,728
HEED,14,68,748
HEED,14,69,771
HEED,14,70,717
HEED,14,71,797
HEED,14,72,680
HEED,14,73,621
HEED,14,74,563
HEED,14,75,747
HEED,14,76,724
HEED,14,77,793
HEED,14,78,705
HEED,14,79,793
HEED,14,80,683
HEED,14,81,786
HEED,14,82,792
HEED,14,83,785
HEED,14,84,693
HEED,14,85,782
HEED,14,86,775
HEED,14,87,777
HEED,14,88,777
HEED,14,89,780
HEED,14,90,757
HEED,14,91,727
HEED,14,92,795
HEED,14,93,726
HEED,14,94,695
HEED,14,95,735
HEED,14,96,805
HEED,14,97,785
HEED,14,98,650
HEED,14,99,662
HEED,15,0,655
HEED,15,1,733
HEED,15,2,736
HEED,15,3,817
HEED,15,4,767
HEED,15,5,706
HEED,15,6,638
HEED,15,7,787
HEED,15,8,756
HEED,15,9,640
HEED,15,10,757
HEED,15,11,800
HEED,15,12,745
HEED,15,13,642
HEED,15,14,781
HEED,15,15,674
HEED,15,16,740
HEED,15,17,723
HEED,15,18,789
HEED,15,19,743
HEED,15,20,634
HEED,15,21,802
HEED,15,22,797
HEED,15,23,759
HEED,15,24,583
HEED,15,25,691
HEED,15,26,769
HEED,15,27,740
HEED,15,28,727
HEED,15,29,830
HEED,15,30,386
HEED,15,31,797
HEED,15,32,756
HEED,15,33,640
HEED,15,34,791
HEED,15,35,762
HEED,15,36,778
HEED,15,37,563
HEED,15,38,782
HEED,15,39,668
HEED,15,40,796
HEED,15,41,785
HEED,15,42,609
HEED,15,43,732
HEED,15,44,723
HEED,15,45,776
HEED,15,46,738
HEED,15,47,784
HEED,15,48,800
HEED,15,49,775
HEED,15,50,780
HEED,15,51,783
HEED,15,52,691
HEED,15,53,794
HEED,15,54,383
HEED,15,55,778
HEED,15,56,795
HEED,15,57,647
HEED,15,58,720
HEED,15,59,782
HEED,15,60,697
HEED,15,61,767
HEED,15,62,773
HEED,15,63,620
HEED,15,64,658
HEED,15,65,670
HEED,15,66,797
HEED,15,67,715
HEED,15,68,770
HEED,15,69,762
HEED,15,70,776
HEED,15,71,787
HEED,15,72,760
HEED,15,73,630
HEED,15,74,799
HEED,15,75,793
HEED,15,76,780
HEED,15,77,341
HEED,15,78,773
HEED,15,79,799
HEED,15,80,707
HEED,15,81,778
HEED,15,82,732
HEED,15,83,796
HEED,15,84,592
HEED,15,85,789
HEED,15,86,732
HEED,15,87,698
HEED,15,88,786
HEED,15,89,701
HEED,15,90,740
HEED,15,91,798
HEED,15,92,727
HEED,15,93,736
HEED,15,94,555
HEED,15,95,574
HEED,15,96,778
HEED,15,97,705
HEED,15,98,756
HEED,15,99,750
HEED,16,0,792
HEED,16,1,730
HEED,16,2,642
HEED,16,3,785
HEED,16,4,656
HEED,16,5,809
HEED,16,6,742
HEED,16,7,769
HEED,16,8,613
HEED,16,9,793
HEED,16,10,767
HEED,16,11,765
HEED,16,12,799
HEED,16,13,790
HEED,16,14,704
HEED,16,15,646
HEED,16,16,624
HEED,16,17,755
HEED,16,18,750
HEED,16,19,798
HEED,16,20,812
HEED,16,21,762
HEED,16,22,781
HEED,16,23,638
HEED,16,24,786
HEED,16,25,548
HEED,16,26,806
HEED,16,27,672
HEED,16,28,796
HEED,16,29,620
HEED,16,30,589
HEED,16,31,816
HEED,16,32,692
HEED,16,33,728
HEED,16,34,690
HEED,16,35,762
HEED,16,36,692
HEED,16,37,655
HEED,16,38,764
HEED,16,39,770
HEED,16,40,807
HEED,16,41,655
HEED,16,42,577
HEED,16,43,794
HEED,16,44,783
HEED,16,45,723
HEED,16,46,810
HEED,16,47,660
HEED,16,48,774
HEED,16,49,757
HEED,16,50,634
HEED,16,51,786
HEED,16,52,733
HEED,16,53,759
HEED,16,54,661
HEED,16,55,783
HEED,16,56,690
HEED,16,57,788
HEED,16,58,758
HEED,16,59,617
HEED,16,60,610
HEED,16,61,727
HEED,16,62,797
HEED,16,63,516
HEED,16,64,565
HEED,16,65,780
HEED,16,66,747
HEED,16,67,773
HEED,16,68,776
HEED,16,69,775
HEED,16,70,702
HEED,16,71,706
HEED,16,72,664
HEED,16,73,769
HEED,16,74,621
HEED,16,75,659
HEED,16,76,794
HEED,16,77,762
HEED,16,78,771
HEED,16,79,729
HEED,16,80,542
HEED,16,81,594
HEED,16,82,614
HEED,16,83,766
HEED,16,84,767
HEED,16,85,721
HEED,16,86,770
HEED,16,87,776
HEED,16,88,764
HEED,16,89,600
HEED,16,90,629
HEED,16,91,722
HEED,16,92,758
HEED,16,93,563
HEED,16,94,677
HEED,16,95,762
HEED,16,96,780
HEED,16,97,739
HEED,16,98,758
HEED,16,99,756
HEED,17,0,777
HEED,17,1,762
HEED,17,2,814
HEED,17,3,755
HEED,17,4,788
HEED,17,5,780
HEED,17,6,725
HEED,17,7,740
HEED,17,8,676
HEED,17,9,756
HEED,17,10,800
HEED,17,11,734
HEED,17,12,654
HEED,17,13,792
HEED,17,14,769
HEED,17,15,803
HEED,17,16,779
HEED,17,17,654
HEED,17,18,720
HEED,17,19,545
HEED,17,20,775
HEED,17,21,788
HEED,17,22,792
HEED,17,23,658
HEED,17,24,804
HEED,17,25,809
HEED,17,26,721
HEED,17,27,819
HEED,17,28,735
HEED,17,29,747
HEED,17,30,783
HEED,17,31,718
HEED,17,32,783
HEED,17,33,771
HEED,17,34,832
HEED,17,35,598
HEED,17,36,802
HEED,17,37,715
HEED,17,38,524
HEED,17,39,716
HEED,17,40,769
HEED,17,41,617
HEED,17,42,773
HEED,17,43,820
HEED,17,44,802
HEED,17,45,702
HEED,17,46,729
HEED,17,47,766
HEED,17,48,641
HEED,17,49,638
HEED,17,50,578
HEED,17,51,777
HEED,17,52,777
HEED,17,53,761
HEED,17,54,815
HEED,17,55,807
HEED,17,56,627
HEED,17,57,600
HEED,17,58,826
HEED,17,59,793
HEED,17,60,816
HEED,17,61,735
HEED,17,62,731
HEED,17,63,801
HEED,17,64,780
HEED,17,65,805
HEED,17,66,711
HEED,17,67,764
HEED,17,68,760
HEED,17,69,771
HEED,17,70,630
HEED,17,71,819
HEED,17,72,646
HEED,17,73,590
HEED,17,74,526
HEED,17,75,560
HEED,17,76,807
HEED,17,77,698
HEED,17,78,607
HEED,17,79,778
HEED,17,80,755
HEED,17,81,735
HEED,17,82,787
HEED,17,83,805
HEED,17,84,757
HEED,17,85,743
HEED,17,86,760
HEED,17,87,703
HEED,17,88,746
HEED,17,89,763
HEED,17,90,729
HEED,17,91,593
HEED,17,92,837
HEED,17,93,485
HEED,17,94,778
HEED,17,95,743
HEED,17,96,793
HEED,17,97,672
HEED,17,98,812
HEED,17,99,623
HEED,18,0,776
HEED,18,1,796
HEED,18,2,776
HEED,18,3,740
HEED,18,4,545
HEED,18,5,789
HEED,18,6,754
HEED,18,7,789
HEED,18,8,789
HEED,18,9,619
HEED,18,10,666
HEED,18,11,766
HEED,18,12,795
HEED,18,13,532
HEED,18,14,579
HEED,18,15,792
HEED,18,16,440
HEED,18,17,630
HEED,18,18,376
HEED,18,19,773
HEED,18,20,789
HEED,18,21,742
HEED,18,22,647
HEED,18,23,798
HEED,18,24,705
HEED,18,25,732
HEED,18,26,807
HEED,18,27,782
HEED,18,28,805
HEED,18,29,558
HEED,18,30,753
HEED,18,31,673
HEED,18,32,767
HEED,18,33,737
HEED,18,34,794
HEED,18,35,803
HEED,18,36,771
HEED,18,37,763
HEED,18,38,482
HEED,18,39,737
HEED,18,40,729
HEED,18,41,815
HEED,18,42,772
HEED,18,43,761
HEED,18,44,628
HEED,18,45,769
HEED,18,46,788
HEED,18,47,670
HEED,18,48,782
HEED,18,49,749
HEED,18,50,828
HEED,18,51,718
HEED,18,52,541
HEED,18,53,785
HEED,18,54,787
HEED,18,55,774
HEED,18,56,790
HEED,18,57,730
HEED,18,58,784
HEED,18,59,753
HEED,18,60,796
HEED,18,61,769
HEED,18,62,795
HEED,18,63,774
HEED,18,64,828
HEED,18,65,647
HEED,18,66,824
HEED,18,67,746
HEED,18,68,776
HEED,18,69,802
HEED,18,70,795
HEED,18,71,814
HEED,18,72,733
HEED,18,73,759
HEED,18,74,659
HEED,18,75,659
HEED,18,76,760
HEED,18,77,720
HEED,18,78,381
HEED,18,79,791
HEED,18,80,571
HEED,18,81,778
HEED,18,82,767
HEED,18,83,755
HEED,18,84,769
HEED,18,85,760
HEED,18,86,759
HEED,18,87,764
HEED,18,88,673
HEED,18,89,686
HEED,18,90,790
HEED,18,91,643
HEED,18,92,796
HEED,18,93,789
HEED,18,94,827
HEED,18,95,793
HEED,18,96,779
HEED,18,97,637
HEED,18,98,755
HEED,18,99,570
HEED,19,0,796
HEED,19,1,715
HEED,19,2,789
HEED,19,3,707
HEED,19,4,707
HEED,19,5,663
HEED,19,6,787
HEED,19,7,716
HEED,19,8,772
HEED,19,9,702
HEED,19,10,778
HEED,19,11,715
HEED,19,12,684
HEED,19,13,657
HEED,19,14,788
HEED,19,15,686
HEED,19,16,784
HEED,19,17,771
HEED,19,18,793
HEED,19,19,776
HEED,19,20,672
HEED,19,21,762
HEED,19,22,759
HEED,19,23,783
HEED,19,24,699
HEED,19,25,783
HEED,19,26,730
HEED,19,27,748
HEED,19,28,756
HEED,19,29,747
HEED,19,30,761
HEED,19,31,498
HEED,19,32,707
HEED,19,33,783
HEED,19,34,786
HEED,19,35,776
HEED,19,36,797
HEED,19,37,768
HEED,19,38,684
HEED,19,39,784
HEED,19,40,777
HEED,19,41,685
HEED,19,42,734
HEED,19,43,705
HEED,19,44,490
HEED,19,45,617
HEED,19,46,796
HEED,19,47,795
HEED,19,48,705
HEED,19,49,753
HEED,19,50,692
HEED,19,51,732
HEED,19,52,746
HEED,19,53,802
HEED,19,54,793
HEED,19,55,669
HEED,19,56,757
HEED,19,57,764
HEED,19,58,746
HEED,19,59,692
HEED,19,60,558
HEED,19,61,726
HEED,19,62,668
HEED,19,63,516
HEED,19,64,715
HEED,19,65,660
HEED,19,66,775
HEED,19,67,712
HEED,19,68,790
HEED,19,69,503
HEED,19,70,723
HEED,19,71,758
HEED,19,72,601
HEED,19,73,688
HEED,19,74,775
HEED,19,75,661
HEED,19,76,597
HEED,19,77,693
HEED,19,78,703
HEED,19,79,623
HEED,19,80,775
HEED,19,81,760
HEED,19,82,798
HEED,19,83,780
HEED,19,84,761
HEED,19,85,780
HEED,19,86,781
HEED,19,87,704
HEED,19,88,763
HEED,19,89,734
HEED,19,90,774
HEED,19,91,666
HEED,19,92,780
HEED,19,93,553
HEED,19,94,664
HEED,19,95,510
HEED,19,96,736
HEED,19,97,669
HEED,19,98,762
HEED,19,99,794
